field	value
schema	fp3-crystal-local-candidate-evidence-v1
base_application_commit	b8fb0cbe18b37ad38411e70e47c105a1b76e58fb
application_C_Lua_raylib_source	PRESERVED
execution_source_identity	base-application-plus-exact-owner-code-sha256-manifests
candidate_E_native_compile_link_strip	PASS-fresh-scratch
candidate_F_native_compile_link_strip	PASS-fresh-scratch
build_policy	PASS-real-pinned-NDK-built-AICI-kernel-before-build
compiler_and_inherited_Git_override	DENIED_NO_OUTPUT
no_op_build_policy	DENIED_NO_OUTPUT
native_attempt_rerun	DENIED-prior-output-preserved
candidate_E_version_code	15
candidate_F_version_code	16
canonical_package_and_independent_inspection	PASS-six-real-APK-bytes
distinct_APK_digests_same_registered_package_and_signer	PASS-candidate-property-only
registered_operation	NOT_REGISTERED
accepted_builds_A_and_B	NOT_ESTABLISHED
authenticated_producer_decisions	NOT_ISSUED
install_A_replace_with_B_without_uninstall	NOT_RUN
emulator	NOT_RUN
visual_and_physical	NOT_RUN
original_key_recovery	UNKNOWN
stable_lane_authorization	UNAVAILABLE
FP2_materialized_head	74d8ac804b0bba983b3448c9f474241e2d283042
FP2_qualified_engine_and_exact_receipts	UNAVAILABLE-explicitly-blocked-PR31
workflow_dispatch_and_pipeline_requests	NOT_RUN
